Age,EnvironmentSatisfaction,JobInvolvement,JobLevel,JobSatisfaction,MaritalStatus,MonthlyIncome,OverTime,StockOptionLevel,TotalWorkingYears,YearsAtCompany,YearsInCurrentRole,YearsWithCurrManager,Attrition
39,1,3,4,4,2,12169,0,3,21,18,7,5,1
46,4,2,5,2,1,18789,0,1,26,11,4,8,0
42,4,3,2,1,2,5410,1,1,9,4,3,2,0
52,3,2,4,1,1,16856,0,0,34,34,6,16,0
32,1,1,2,2,0,6735,0,0,10,0,0,0,1
46,2,2,2,2,0,7991,0,0,6,2,2,2,0
31,3,2,1,2,0,2657,1,0,3,2,2,2,0
43,2,4,1,3,0,4739,0,0,18,3,2,2,0
30,4,1,1,3,1,3833,0,2,7,2,2,2,0
54,1,3,3,3,1,13549,0,1,16,4,3,3,0
31,3,2,1,2,0,3479,0,0,6,5,4,4,1
51,1,3,5,3,0,19537,0,0,23,20,18,15,0
45,2,3,3,1,2,9724,0,1,25,1,0,0,0
55,3,2,5,4,1,19586,0,1,36,36,6,13,0
29,2,3,3,4,1,7918,0,1,11,11,10,1,0
28,3,3,1,1,1,3591,0,1,3,3,2,2,0
42,1,3,2,3,2,4556,0,1,19,5,4,2,0
56,1,3,1,3,1,2942,0,1,18,5,4,3,0
40,2,3,2,1,1,6516,1,1,18,1,0,0,0
60,1,3,5,1,1,19566,0,0,33,29,8,10,0
29,3,3,2,4,2,6623,1,2,6,6,0,0,0
34,1,3,2,2,1,4325,0,0,5,5,2,3,0
23,4,3,1,4,0,2647,0,0,5,5,2,4,0
54,4,3,2,1,1,5940,0,1,16,6,2,5,0
22,3,2,1,4,1,2853,1,1,1,0,0,0,1
36,1,3,2,2,0,9278,1,0,15,5,4,1,0
25,1,2,1,1,1,4400,0,0,6,3,2,2,1
34,4,3,3,3,2,8628,0,1,9,8,7,1,0
45,3,3,2,2,1,4447,0,0,9,9,7,8,0
29,3,4,1,3,1,2700,0,1,10,10,7,7,0
38,3,3,2,2,1,9924,0,1,10,9,8,7,0
23,4,2,1,3,0,3989,1,0,5,5,4,2,1
18,4,2,1,3,0,1200,0,0,0,0,0,0,0
55,1,4,4,3,0,13695,1,0,24,19,7,8,1
33,4,3,4,3,0,17444,0,0,10,10,8,0,0
29,3,2,1,2,1,2546,0,0,6,2,2,1,1
43,4,3,2,4,1,7847,1,1,10,10,9,8,0
37,4,3,2,4,2,6347,0,2,8,6,2,4,0
46,4,3,3,4,2,8578,0,1,12,9,8,7,0
27,4,3,2,3,0,4478,1,0,5,5,4,4,0
44,1,2,2,3,0,5985,0,0,10,2,2,2,0
30,2,3,1,4,1,2862,0,1,10,10,0,8,0
48,4,3,1,3,1,2655,1,2,19,9,7,7,1
48,1,4,4,4,0,16885,0,0,27,5,4,1,0
30,3,3,2,3,0,4695,1,0,10,8,4,7,0
33,4,2,2,2,0,4320,0,0,5,5,3,2,0
27,1,1,1,3,1,4621,0,3,3,3,2,2,0
40,4,2,1,4,0,2342,1,0,5,4,2,3,0
19,4,2,1,2,0,2121,1,0,1,1,0,0,1
29,2,2,1,1,1,2319,1,1,1,1,0,0,1
45,4,3,2,2,1,4805,0,1,9,8,7,7,0
22,3,2,1,3,0,3894,0,0,4,2,2,2,1
35,3,2,2,2,0,6540,0,0,10,1,1,0,0
23,2,3,1,1,1,2500,0,1,5,4,3,2,0
50,4,3,2,3,1,6347,0,1,19,18,7,13,0
40,1,2,3,2,2,9705,0,1,11,1,0,0,0
32,2,1,1,1,0,3919,1,0,10,10,2,7,1
43,4,4,1,3,2,2645,0,2,6,5,3,4,0
45,2,3,5,2,0,18061,0,0,22,0,0,0,0
51,4,1,2,2,2,5482,0,1,13,4,1,2,0
35,2,3,2,3,0,5098,0,0,10,10,7,8,0
26,3,3,2,4,0,4684,0,0,5,5,3,2,0
28,4,3,1,1,0,2080,0,0,5,3,2,2,0
24,1,3,2,3,1,4999,0,1,4,3,2,2,0
49,4,2,4,2,1,13120,0,1,22,9,8,3,0
31,3,2,2,1,0,6812,0,0,10,10,9,8,0
24,1,3,1,4,0,3760,1,0,6,6,3,3,0
33,1,2,1,2,0,2313,1,0,5,2,2,2,1
35,3,3,2,4,0,5813,1,0,10,10,7,7,1
56,3,3,1,1,2,4257,1,1,19,2,2,2,0
26,1,3,2,1,1,4741,1,1,5,5,3,3,0
32,2,3,2,4,2,4403,0,1,8,5,2,3,0
32,1,4,2,4,0,5055,0,0,10,7,7,7,0
35,1,2,2,4,0,3681,0,0,9,3,2,2,0
39,3,3,1,3,1,3755,0,1,8,8,3,7,0
40,3,3,3,4,0,7945,1,0,18,4,2,3,0
28,3,3,2,1,2,4558,0,1,10,10,0,8,0
27,2,3,1,1,1,2099,0,0,6,5,0,4,0
40,3,3,5,3,1,18041,0,0,21,20,15,12,0
29,1,2,1,1,0,2362,0,0,11,9,7,7,1
36,2,2,2,4,1,6652,0,1,8,6,3,0,0
33,4,3,3,2,1,11878,0,2,12,10,6,8,0
43,4,3,1,4,1,2258,0,1,8,3,2,2,0
38,3,2,3,3,1,8823,0,1,20,19,9,9,0
22,2,2,1,3,1,2814,1,0,4,4,2,3,0
43,4,2,3,4,0,10231,0,0,23,21,7,17,0
50,2,3,4,3,1,11245,1,1,32,30,8,13,0
56,1,3,1,1,1,2066,0,1,5,3,2,0,0
42,3,3,4,1,1,16799,0,1,21,20,7,9,0
58,4,3,5,1,1,19701,1,1,32,9,8,5,0
47,3,3,2,2,1,5467,0,1,16,8,7,7,0
45,4,3,3,1,2,10761,1,1,18,5,4,2,0
34,2,3,2,1,2,5121,0,1,7,0,0,0,0
31,3,2,3,3,1,8943,0,1,10,10,9,9,0
27,3,2,1,3,2,2566,1,1,1,1,1,1,0
41,2,1,5,3,2,19973,0,2,21,21,16,10,0
53,3,2,3,4,1,10169,0,1,34,33,7,9,1
39,3,3,3,3,0,13464,0,0,9,4,3,2,0
29,4,3,2,4,2,4262,0,2,8,3,2,2,0
50,4,2,3,4,0,10496,0,0,20,4,3,3,0
27,4,2,1,3,1,2539,0,1,4,4,2,2,0
35,4,1,1,3,0,4230,0,0,6,5,4,3,0
29,3,4,1,1,0,1091,0,0,1,1,0,0,1
37,3,3,3,4,0,7428,0,0,12,5,3,3,0
34,2,3,2,3,0,4568,0,0,10,9,5,7,0
33,2,3,2,3,0,5487,0,0,10,10,4,9,0
30,2,3,2,3,0,6577,0,0,6,5,4,4,0
54,4,3,2,1,2,5485,1,2,9,5,3,4,0
35,3,3,2,3,1,4148,0,1,15,14,11,9,0
20,4,2,1,4,0,2926,1,0,1,1,0,0,1
31,3,3,1,1,2,3065,1,1,4,4,2,3,0
30,1,3,1,3,1,2132,1,0,7,5,2,1,1
27,3,2,2,1,1,4298,0,1,6,2,2,0,0
37,4,2,2,4,1,6474,0,1,14,14,8,11,0
36,2,2,2,2,2,8847,1,1,13,3,2,2,0
39,1,2,2,4,1,6120,1,2,8,5,4,4,0
35,2,1,2,4,0,6646,0,0,17,17,11,8,0
27,3,2,3,4,2,12808,1,1,9,9,8,8,0
25,3,3,2,4,0,6180,0,0,6,6,5,4,0
24,2,2,2,3,0,4617,0,0,4,4,3,2,0
50,1,3,5,2,2,19144,0,2,28,10,4,6,0
60,1,3,2,1,0,5405,0,0,10,2,2,2,0
26,4,1,1,3,1,2305,0,3,3,3,2,2,0
37,3,3,2,2,0,4197,1,0,18,1,0,1,0
39,3,4,2,2,1,6389,0,1,12,8,3,6,0
36,4,2,3,4,0,8858,0,0,15,14,8,8,0
39,1,3,2,1,1,5151,0,1,10,10,0,9,0
27,4,3,1,2,0,2279,0,0,7,7,7,3,0
35,4,3,1,3,1,2404,0,1,1,1,0,0,0
26,1,3,1,1,1,2042,1,1,6,3,2,2,1
28,4,2,1,4,1,3867,1,1,2,2,2,2,0
40,4,2,2,4,1,4876,0,1,5,3,2,2,0
44,2,3,2,1,2,5454,1,1,9,4,3,3,0
39,1,3,2,3,0,4534,0,0,9,8,7,7,0
43,4,4,1,2,2,4876,0,1,8,6,4,2,0
34,2,3,1,4,1,2691,0,1,10,10,9,8,0
24,4,1,1,3,1,1555,0,1,1,1,0,0,1
46,3,3,3,2,1,7314,0,3,14,8,7,7,1
30,3,4,2,3,1,5294,0,1,10,7,0,7,0
30,4,3,1,2,1,3748,0,0,12,12,8,7,0
37,3,3,2,4,1,6502,0,1,7,5,4,1,0
36,2,4,1,4,1,3038,0,0,5,1,0,0,0
31,2,1,2,3,1,6172,1,0,12,7,7,7,1
46,1,3,3,4,2,10096,0,1,28,7,7,3,1
42,2,4,2,1,1,5538,0,2,10,0,0,0,0
37,3,4,2,1,2,5974,1,2,13,7,7,7,0
33,1,4,4,3,2,16184,0,1,10,6,1,5,0
26,3,3,2,2,2,6397,0,1,6,6,5,4,0
45,3,4,5,4,1,19202,0,1,25,24,0,7,0
37,4,3,2,1,0,4213,0,0,10,10,3,8,1
25,1,3,2,3,1,4898,0,2,5,4,2,2,0
35,3,3,3,4,0,8837,1,0,9,9,0,7,0
33,4,3,2,3,2,5968,0,3,9,9,7,8,0
33,2,2,1,3,2,2008,0,3,1,1,1,0,0
38,4,2,2,4,1,5249,0,1,13,8,7,5,0
29,4,3,1,2,2,3291,0,2,8,7,5,1,0
33,1,3,1,4,1,2781,0,1,15,14,10,10,0
27,2,4,2,2,1,6142,1,1,6,6,2,3,0
33,1,3,1,1,1,2707,0,0,13,9,7,7,1
23,3,3,1,1,2,2322,0,1,3,0,0,0,0
29,2,3,1,4,1,3131,0,1,10,10,8,8,0
35,1,3,2,3,0,4859,0,0,5,5,4,3,0
35,3,3,1,1,1,4014,1,1,4,2,2,2,0
29,3,2,2,3,0,5869,0,0,8,5,2,4,0
32,4,3,1,2,0,1393,0,0,1,1,0,0,1
26,3,2,2,1,0,4294,0,0,7,7,7,7,0
31,2,3,2,3,2,4197,0,1,10,10,8,2,0
52,4,2,3,3,1,7969,1,0,28,5,4,4,0
34,1,3,1,4,0,2972,0,0,1,1,0,0,0
26,2,2,1,3,1,2933,1,1,1,1,0,0,0
35,3,3,1,3,1,3506,1,0,4,3,2,2,0
31,4,3,1,2,2,2789,0,1,2,2,2,2,0
22,3,3,1,1,1,2398,1,0,1,1,0,0,1
29,3,3,1,4,1,2157,0,1,3,3,1,2,0
36,1,2,1,1,1,2342,0,0,6,5,4,3,0
54,4,4,4,4,0,17328,1,0,23,5,3,4,0
38,2,3,2,2,0,4198,0,0,8,3,2,2,0
52,4,4,4,3,1,13247,1,1,24,5,3,2,0
24,1,3,1,4,1,2145,0,1,3,2,2,1,0
25,1,4,2,3,1,6232,0,0,6,3,2,2,0
45,3,3,2,3,1,5154,0,2,10,8,7,7,0
20,4,3,1,4,0,2323,1,0,2,2,2,2,1
40,4,3,5,3,1,19033,0,1,21,20,8,9,0
58,4,3,3,4,1,10312,0,1,40,40,10,6,1
44,3,2,1,3,0,3162,0,0,7,5,2,3,0
36,2,2,1,1,1,3419,1,1,6,1,1,0,0
41,4,3,4,2,0,16015,0,0,22,22,10,4,0
31,2,3,3,3,2,13675,0,1,9,2,2,2,0
38,3,3,2,2,1,4855,0,2,7,5,2,4,1
27,3,3,1,2,1,2811,0,1,4,2,2,2,0
35,3,2,3,4,1,10377,1,1,16,13,2,12,0
36,2,3,3,4,0,9980,0,0,10,10,3,7,0
50,4,3,4,4,2,17399,0,1,32,5,4,3,0
58,1,3,1,3,2,2372,0,2,2,2,2,2,0
35,2,4,2,1,1,5208,0,0,16,16,15,10,0
31,3,3,1,4,1,4821,1,1,6,5,2,3,0
34,3,2,1,4,1,2979,0,3,6,0,0,0,0
41,4,3,2,3,0,5003,0,0,8,2,2,1,0
24,2,3,1,1,0,3172,1,0,4,0,0,0,1
41,3,3,2,1,2,3072,0,2,17,1,0,0,0
47,3,4,2,3,2,5067,1,0,20,19,10,7,0
30,4,2,1,3,0,2206,0,0,10,10,0,8,0
31,4,3,1,2,0,2302,1,0,3,3,2,2,1
43,3,3,3,1,1,10820,0,1,18,8,7,1,0
32,3,3,1,2,1,2370,0,1,8,8,0,7,0
36,3,3,2,3,1,5237,0,2,17,7,7,7,0
25,1,4,1,1,0,3424,0,0,6,4,3,1,0
39,2,3,3,2,0,8376,0,0,9,2,0,2,0
26,4,3,1,4,0,2570,0,0,7,7,7,7,0
58,4,3,1,3,0,2479,0,0,7,1,0,0,1
24,1,3,2,3,0,4577,0,0,4,2,2,0,1
33,2,3,2,4,1,4878,1,1,10,9,7,1,0
41,2,4,1,3,1,2127,1,0,7,4,2,3,0
51,3,3,4,2,2,14026,1,1,33,33,9,10,0
29,1,3,2,2,0,5765,0,0,7,5,3,0,1
38,2,1,2,4,1,5405,1,2,20,4,2,3,0
44,1,4,1,4,1,2011,0,1,10,10,5,7,0
55,3,2,5,1,1,19038,0,3,34,1,0,0,0
29,2,2,3,3,1,11935,0,0,10,10,2,7,0
31,1,3,2,3,1,8346,0,1,6,5,2,2,0
28,1,1,1,2,0,2216,1,0,10,7,7,7,1
45,1,1,5,2,0,18824,1,0,26,24,10,11,1
38,1,2,2,4,0,8686,0,0,12,8,3,7,0
23,1,4,1,1,1,2819,0,1,5,3,2,2,0
30,1,3,3,3,0,9667,0,0,9,7,7,2,0
35,4,3,3,3,1,7632,1,0,10,8,7,0,0
36,2,2,2,3,1,5673,1,1,10,10,9,7,0
45,2,2,1,3,0,2274,0,0,1,1,0,0,0
25,3,3,1,2,1,2187,0,0,6,2,0,2,0
31,2,1,2,3,1,4559,1,1,4,2,2,2,1
50,4,3,5,4,2,19517,0,1,32,7,0,6,0
53,4,4,4,2,0,16598,0,0,35,9,8,8,0
56,4,3,4,2,1,13402,1,1,33,19,16,9,0
24,4,2,2,3,2,4377,0,2,5,4,2,2,0
41,4,3,2,4,2,5467,1,2,12,6,2,3,0
32,3,2,2,2,1,5228,1,0,13,13,12,9,0
34,3,3,2,1,0,6125,0,0,10,10,8,6,0
55,1,3,4,2,0,16835,0,0,37,10,9,7,0
46,1,4,4,1,2,13225,0,1,25,19,17,8,0
51,1,3,3,3,1,13116,0,0,15,2,2,2,0
37,3,4,1,3,0,3500,0,0,7,6,5,3,0
41,4,3,3,3,0,9241,0,0,10,10,8,7,0
34,1,3,1,3,1,2742,0,0,2,2,2,2,1
38,3,2,3,4,2,11510,1,1,12,11,10,9,0
34,4,2,2,3,1,9547,0,0,10,10,9,9,0
31,3,3,3,2,2,10648,0,1,13,13,8,8,0
32,4,3,2,4,0,5396,0,0,10,10,7,8,0
29,1,2,1,4,2,2532,0,3,8,4,3,3,0
42,3,3,1,3,1,2936,0,2,10,6,3,3,0
48,3,3,1,1,1,2367,0,1,10,8,2,6,0
33,2,3,3,3,1,13610,1,0,15,7,6,7,1
42,1,3,4,4,0,15992,0,0,16,1,0,0,0
59,2,3,3,4,1,11904,1,1,14,6,4,4,0
55,2,3,2,4,1,5415,1,1,12,10,7,8,0
20,1,2,1,3,0,3033,0,0,2,2,2,2,0
43,3,3,3,1,1,9985,0,1,10,1,0,0,0
29,4,2,1,4,0,2439,1,0,1,1,0,0,1
18,4,3,1,4,0,1611,0,0,0,0,0,0,0
42,4,3,5,3,1,18303,0,0,21,1,0,0,0
30,4,3,1,1,2,3204,0,1,8,3,2,2,0
36,4,3,1,3,1,2543,0,1,6,2,2,2,0
21,1,2,1,3,0,2625,0,0,2,2,2,2,1
26,1,2,1,4,0,3904,0,0,5,4,3,1,0
43,4,3,4,4,1,16064,1,1,22,17,13,9,0
50,4,3,4,1,1,17856,0,1,32,2,2,2,0
35,2,3,2,2,0,4425,0,0,10,6,2,2,0
26,4,2,1,3,0,2966,0,0,5,4,2,0,0
32,3,2,1,2,1,2743,0,1,2,2,2,2,0
47,3,2,3,2,2,10333,1,1,28,22,11,10,0
56,4,3,5,1,2,19943,0,1,28,5,2,2,0
42,3,3,2,2,1,6825,0,1,10,9,7,2,0
34,2,3,2,3,1,5714,0,0,6,6,5,3,0
28,4,3,1,2,1,1052,0,0,1,1,0,0,0
51,1,3,1,3,1,2461,1,3,18,10,0,7,1
29,4,3,1,2,2,2297,0,2,2,2,2,2,0
29,4,3,1,2,1,3180,0,3,4,3,2,2,0
38,2,3,2,4,0,6861,1,0,19,1,0,0,0
33,1,3,3,1,0,8564,1,0,11,0,0,0,1
40,2,3,2,2,1,5677,0,1,15,11,8,10,0
36,3,2,1,1,0,3407,0,0,10,5,3,3,1
40,3,3,2,4,1,2741,1,1,15,7,2,7,0
38,4,4,1,3,2,2610,0,3,4,4,2,3,0
19,2,4,1,4,0,2994,1,0,1,1,0,1,0
37,2,3,3,4,2,12185,1,3,10,10,8,7,0
42,4,3,4,1,1,17665,0,1,23,22,6,7,0
29,3,2,2,3,2,8620,0,2,10,10,7,4,0
48,4,2,5,4,0,18265,0,0,25,1,0,0,0
30,3,3,2,4,2,5304,0,1,10,8,7,7,0
36,1,2,3,4,1,7644,0,2,10,9,7,4,0
38,1,3,3,3,2,10609,0,2,17,16,10,13,0
26,3,3,1,3,1,2942,0,1,8,8,7,7,0
31,1,3,3,3,1,8161,0,3,10,1,0,0,1
36,4,1,2,4,2,5406,0,1,15,15,12,11,0
40,4,3,2,4,2,4069,1,0,8,2,2,2,0
50,3,3,4,3,1,17639,0,0,30,4,3,3,0
29,1,3,1,4,1,4787,1,3,4,2,2,2,1
48,4,3,1,3,1,2259,0,2,13,0,0,0,0
42,3,3,4,1,0,13758,1,0,22,21,9,14,1
40,3,2,3,4,1,10855,0,1,15,12,11,11,0
58,4,2,1,4,2,2380,1,1,3,1,0,0,1
35,4,2,1,1,0,2450,0,0,3,3,0,2,0
36,1,4,1,2,1,2810,0,0,5,5,4,2,0
30,4,2,1,1,0,4968,0,0,10,9,7,7,0
49,3,3,1,1,1,3211,0,1,10,9,6,4,0
39,3,3,4,1,1,17068,1,0,21,21,9,10,0
33,1,2,2,3,0,4508,0,0,14,13,7,8,1
38,3,2,3,3,2,8740,1,2,9,8,7,7,0
33,2,3,1,4,0,3452,0,0,5,3,2,2,0
28,1,3,2,4,0,4908,0,0,4,4,2,2,0
29,4,3,1,3,1,2974,0,1,9,5,3,2,0
28,4,3,1,3,0,2154,1,0,5,4,2,2,0
46,1,3,4,3,1,17861,0,0,26,3,2,1,0
39,3,3,3,3,0,10938,0,0,20,19,6,8,0
28,3,3,1,3,2,2377,0,1,6,2,2,2,0
42,2,3,5,4,2,18430,0,1,24,24,7,9,0
34,3,3,2,4,0,6687,0,0,14,14,11,11,0
42,1,3,5,3,1,18880,0,0,24,22,6,14,0
27,1,3,2,4,1,4227,0,1,4,3,2,2,0
36,2,2,2,4,0,3886,0,0,10,10,1,8,0
27,1,2,1,3,2,2187,0,2,6,5,3,3,0
39,2,2,4,4,1,12031,0,1,21,20,9,6,0
29,4,2,2,2,1,4025,1,1,10,4,3,3,0
30,4,3,2,1,2,4779,0,2,8,3,2,2,0
32,1,3,1,4,0,2795,1,0,1,1,0,1,1
39,4,3,1,1,1,2404,1,0,8,2,2,2,1
31,2,3,2,1,2,4233,0,0,9,3,1,2,1
59,2,3,1,3,1,2267,0,0,7,2,2,2,0
35,2,3,3,1,1,9069,0,1,9,9,8,8,0
43,3,2,1,3,1,2437,1,1,6,1,0,0,1
35,3,3,2,3,0,4249,1,0,9,9,6,1,0
30,3,3,2,3,2,3491,0,3,10,10,7,9,0
53,4,4,2,1,2,4450,0,2,5,4,2,3,0
30,3,3,2,4,0,4011,0,0,12,12,8,7,0
31,4,1,2,1,1,5003,0,0,10,10,8,7,0
36,2,3,3,4,1,9738,0,1,10,9,7,8,0
41,3,1,2,2,1,6430,0,1,10,3,2,2,0
53,2,3,2,3,1,2306,1,1,13,7,7,5,0
46,1,3,4,3,1,17465,0,1,23,12,9,9,0
34,3,3,1,3,1,2231,0,1,6,4,3,2,0
28,3,2,2,4,1,6834,1,1,7,7,7,7,0
24,3,2,1,1,2,2296,0,3,2,1,1,0,0
31,3,2,1,4,0,2785,0,0,3,1,0,0,1
39,4,2,2,3,0,4553,0,0,20,20,7,10,0
42,1,3,1,4,0,3673,0,0,12,12,9,8,0
28,1,1,1,4,1,3464,1,0,5,3,2,2,1
33,4,3,1,2,2,2277,1,1,7,4,3,3,0
44,4,3,2,4,1,6465,1,0,9,4,2,3,0
42,2,4,2,2,1,2372,1,0,18,1,0,0,0
29,4,3,2,3,1,4319,0,1,10,10,7,9,0
32,2,2,1,2,1,2269,0,1,3,2,2,2,0
30,1,1,1,3,2,2613,0,3,10,10,7,9,0
31,1,4,1,3,2,3978,0,1,4,2,2,2,0
31,3,3,1,3,1,2610,0,1,2,2,2,2,1
36,1,3,2,4,0,7779,0,0,18,11,9,9,0
25,4,3,1,3,2,3977,1,1,7,2,2,2,0
45,4,3,1,4,2,2270,0,2,8,5,3,2,0
44,1,2,3,4,1,10248,0,1,24,22,6,17,0
31,2,3,2,4,0,6582,1,0,10,6,5,5,0
41,1,2,1,1,2,2107,0,1,5,1,0,0,1
35,4,3,3,4,2,7823,0,1,12,10,9,8,0
30,3,3,1,4,1,2097,0,1,9,5,3,4,0
40,4,3,2,2,2,5715,0,2,8,5,4,3,0
35,1,3,1,4,1,2572,0,1,3,3,2,2,0
21,3,3,1,4,0,1232,0,0,0,0,0,0,0
54,4,3,2,3,0,4869,0,0,20,4,3,3,0
26,1,3,2,2,1,6272,0,2,6,5,3,4,0
55,2,2,1,4,1,2662,0,1,19,5,2,4,0
54,2,3,4,4,2,16032,0,1,26,14,9,12,0
26,3,4,1,4,1,2544,0,1,8,7,7,7,0
44,2,3,5,2,1,18213,0,1,26,22,9,10,0
35,3,3,2,3,1,4601,0,0,5,5,2,0,0
42,3,3,2,4,1,4089,0,2,10,10,2,2,0
36,3,3,1,4,0,2644,1,0,7,3,2,2,0
35,1,4,1,2,1,2426,0,1,6,5,4,3,0
53,3,4,4,3,1,14814,0,0,32,5,1,3,0
34,4,2,1,2,1,3294,0,1,7,5,4,2,0
32,3,3,1,3,0,3038,0,0,8,5,4,4,0
27,2,3,1,3,0,2318,0,0,1,1,1,0,0
38,2,2,1,2,1,2899,0,1,3,2,2,2,0
48,1,2,2,3,0,4240,0,0,19,2,2,2,0
25,3,2,2,3,0,5744,1,0,6,6,4,3,1
30,3,3,3,2,1,9250,0,1,9,4,2,3,0
58,4,1,2,3,2,5660,1,1,12,5,3,2,0
55,4,1,5,3,1,19187,0,1,23,19,9,11,0
34,1,2,2,2,0,4599,1,0,16,15,9,10,1
36,4,2,2,3,1,4374,0,0,4,3,2,2,0
46,1,3,2,4,0,5772,1,0,14,9,6,8,0
42,4,2,2,4,1,6062,1,1,8,4,3,2,0
21,4,3,1,4,0,2693,0,0,1,1,0,0,1
31,4,3,2,4,0,5238,0,0,9,5,4,4,0
32,3,2,2,2,0,9907,1,0,7,2,2,2,1
34,4,2,2,1,0,5343,0,0,14,13,9,9,0
33,2,3,1,3,1,3600,0,1,5,5,4,4,0
38,4,3,1,4,0,3944,1,0,6,3,2,2,0
40,4,2,3,1,1,10475,1,1,20,18,13,12,0
28,3,2,1,1,0,2561,0,0,8,0,0,0,1
43,1,3,2,4,1,5675,0,1,7,7,7,7,0
34,3,2,2,4,1,5747,1,0,16,15,10,11,0
47,1,3,3,2,1,11849,1,1,10,10,7,9,1
26,2,3,1,3,2,2741,1,1,8,7,7,0,1
40,3,3,1,3,2,3544,0,1,6,4,2,0,0
37,3,3,3,3,1,9434,0,1,10,10,7,8,0
58,4,3,4,4,1,17875,1,1,29,1,0,0,0
37,2,3,1,2,1,3022,0,0,8,1,0,0,0
30,3,1,2,4,0,6091,0,0,11,5,4,2,0
27,3,3,2,4,1,4342,0,1,5,4,2,1,0
42,3,3,1,3,2,2696,1,1,4,3,2,0,0
55,4,3,5,1,0,19045,1,0,37,36,10,13,0
55,4,3,2,3,1,4035,1,0,4,3,2,2,0
30,3,3,1,4,0,2285,1,0,3,1,0,0,1
28,3,3,1,3,0,4382,0,0,5,2,2,1,1
38,4,2,2,2,2,2133,1,1,20,20,11,7,0
18,2,3,1,4,0,1569,1,0,0,0,0,0,1
40,3,4,2,2,1,4244,0,1,8,8,7,7,0
34,2,3,3,1,2,9950,1,3,11,3,2,2,1
39,1,4,3,3,0,7880,0,0,9,8,7,7,0
53,4,3,2,1,0,8381,0,0,18,14,7,10,0
45,1,4,2,3,1,6434,0,1,9,3,2,2,0
59,3,4,1,1,1,2670,1,3,12,1,0,0,0
38,2,1,2,4,2,5329,1,3,17,13,11,9,0
37,4,3,2,1,1,4284,1,1,16,5,3,4,0
60,3,2,3,1,1,10266,0,0,22,18,13,11,0
29,4,4,2,3,0,6294,1,0,10,3,2,2,0
59,4,3,3,4,0,10512,0,0,25,9,7,4,0
28,3,3,2,1,0,4898,0,0,5,4,2,3,0
26,3,2,1,3,1,2366,1,1,8,8,7,7,1
55,1,3,3,4,1,10239,0,1,24,1,0,0,0
39,4,3,3,1,0,10880,1,0,21,21,6,8,0
29,4,2,1,1,0,3785,0,0,5,5,4,4,0
30,2,2,2,1,1,9714,0,1,10,10,8,7,1
31,1,3,3,3,1,9824,0,0,12,1,0,0,1
23,4,3,1,3,1,1223,0,1,1,1,0,1,0
51,1,1,3,4,0,10650,0,0,18,4,2,3,1
44,1,3,2,4,1,5743,1,0,14,10,7,2,0
37,3,2,1,1,1,3920,0,1,17,3,1,2,0
42,3,3,3,1,1,13348,0,1,18,13,7,7,0
30,2,2,1,4,2,3761,0,1,10,5,4,3,0
34,2,4,2,4,2,9725,0,1,16,15,1,9,0
50,3,2,1,3,1,3690,0,1,5,3,2,2,0
25,3,1,1,4,0,1118,1,0,1,1,0,0,1
39,3,2,5,4,1,19272,0,1,21,21,9,3,0
41,2,3,4,1,1,16595,0,1,22,18,16,8,0
34,4,2,2,3,1,6712,0,2,8,8,7,7,0
38,3,2,1,2,1,2468,0,1,9,6,1,5,0
36,2,3,2,3,0,6815,0,0,15,1,0,0,0
32,1,4,1,2,2,3298,1,2,7,6,2,5,0
46,3,3,2,3,1,5258,0,0,7,1,0,0,0
44,2,2,3,1,1,10482,0,1,24,20,6,6,1
32,4,2,2,1,0,2176,0,0,9,6,2,4,0
41,1,3,1,3,2,2451,0,1,13,9,8,8,0
52,3,2,1,4,0,3212,0,0,6,2,2,2,0
48,1,3,3,3,1,12504,0,1,15,0,0,0,0
38,4,3,1,4,1,1702,1,1,1,1,0,0,0
22,2,1,1,1,1,2451,0,1,4,4,3,1,0
46,3,3,2,3,2,4810,0,1,19,10,7,8,0
38,4,2,1,3,1,3702,0,1,5,5,4,4,0
49,3,3,4,3,0,15379,0,0,23,8,7,0,0
34,3,3,2,1,0,4538,1,0,4,3,2,2,0
36,3,4,1,4,1,3688,0,2,4,1,0,0,0
33,3,3,3,3,1,11691,0,0,14,13,9,7,0
31,1,3,2,4,1,5476,0,2,10,10,0,2,0
28,3,2,1,4,2,2367,0,1,6,4,1,3,1
25,2,3,1,3,1,2096,0,0,7,7,4,6,0
41,2,3,1,2,0,3140,1,0,4,4,3,2,1
22,4,4,1,2,2,2328,1,1,4,4,2,2,0
34,4,1,2,1,0,4759,0,0,15,13,9,12,0
47,4,2,1,4,0,3294,1,0,3,3,2,2,0
53,4,3,4,4,0,14275,0,0,33,12,9,8,0
31,3,3,2,1,1,4148,0,1,4,4,3,3,0
22,4,3,1,3,0,3375,0,0,4,3,2,2,0
51,4,3,4,2,0,13734,0,0,21,7,7,0,0
36,1,3,1,4,2,2835,0,1,7,1,0,0,0
33,2,3,2,3,1,5207,1,1,15,15,14,7,0
35,1,2,1,4,0,4930,1,0,6,5,4,4,0
49,3,3,1,1,1,3580,0,1,7,4,2,2,0
38,4,3,2,4,1,6261,0,1,9,7,7,7,0
45,1,3,2,1,1,4286,0,2,5,1,1,0,1
32,3,3,1,1,2,2827,0,3,1,1,0,0,0
52,1,3,1,4,2,3482,0,2,16,9,8,0,0
60,2,4,2,4,2,5220,1,1,12,11,7,9,0
31,3,3,1,4,1,3929,1,1,7,4,2,2,0
31,3,3,1,4,2,2695,1,1,3,2,2,2,0
36,1,2,2,4,0,5810,0,0,10,10,4,8,0
40,4,3,1,1,0,2018,0,0,15,5,4,0,1
43,3,2,2,3,2,5257,0,1,9,9,7,0,0
36,3,3,1,2,1,2143,0,1,8,5,2,4,0
44,4,4,4,4,1,13320,1,1,23,12,11,11,0
40,2,2,2,3,1,3448,0,1,20,1,0,0,0
29,3,3,1,3,0,2058,0,0,7,6,2,5,1
37,1,3,3,4,2,13603,1,2,15,5,2,2,0
25,4,3,1,2,0,2096,0,0,2,2,2,1,0
59,1,2,2,3,0,5473,0,0,20,4,3,3,0
41,3,3,2,2,1,4393,0,1,14,5,4,4,0
55,4,3,3,2,1,10976,0,1,23,3,2,2,0
41,3,3,3,3,2,8189,1,1,12,9,7,7,0
36,3,3,2,3,1,4663,1,2,7,3,2,1,0
44,4,3,2,2,0,5933,0,0,10,5,2,3,0
34,2,2,2,4,1,3986,0,1,15,15,10,13,0
45,2,2,2,3,1,5593,0,1,15,15,10,12,0
33,3,2,1,4,1,2911,0,1,2,2,2,2,0
33,4,4,3,3,2,8380,1,2,10,9,8,8,0
29,1,2,2,2,1,6644,0,2,10,0,0,0,0
27,3,3,1,2,1,3058,1,1,6,5,2,1,0
30,4,3,1,2,0,2983,0,0,4,3,2,2,0
42,3,3,5,4,1,19232,0,0,22,22,17,15,0
30,3,2,1,4,2,2180,0,1,6,4,2,2,1
36,1,4,3,1,1,11713,0,1,10,8,7,5,0
37,3,3,2,3,1,5768,0,3,9,4,3,2,0
35,3,3,1,3,0,4323,0,0,6,5,4,4,0
41,4,3,3,4,0,13591,1,0,16,1,0,0,0
30,3,2,2,2,2,5209,1,3,11,11,8,7,0
28,1,3,1,3,1,2909,0,1,5,3,2,2,1
32,2,4,1,4,1,3312,0,2,6,3,2,2,0
32,4,1,2,4,2,4668,0,3,9,8,7,7,0
31,2,3,2,1,0,9936,0,0,10,9,4,7,0
51,2,3,3,2,1,10596,0,0,14,4,2,2,0
32,3,2,1,2,0,2837,0,0,6,6,2,1,0
54,1,3,5,1,1,19406,0,1,24,4,2,2,0
46,4,3,3,3,2,10845,0,1,13,8,7,7,0
31,1,3,3,1,1,9637,0,2,9,3,2,2,0
45,1,3,3,1,2,5210,0,1,24,24,9,11,0
44,3,4,3,4,1,7879,1,1,9,8,7,7,0
39,3,3,1,3,2,2232,0,3,7,3,2,2,0
21,4,2,1,2,0,2070,1,0,2,2,2,2,0
31,4,3,2,1,0,5332,0,0,10,5,2,3,0
50,3,3,3,4,0,9208,0,0,16,2,2,1,0
45,3,2,3,3,1,10748,0,1,25,23,15,4,0
35,2,3,2,1,1,5561,0,1,6,5,3,4,0
32,4,3,1,4,2,2314,0,1,4,3,0,2,0
44,4,3,2,4,0,4541,0,0,20,20,11,17,0
29,4,3,1,4,0,2201,0,0,6,3,2,2,0
46,2,3,3,1,2,10453,0,3,24,24,13,7,0
52,1,1,5,4,1,19845,0,1,33,32,14,9,1
33,2,3,2,4,1,9998,0,0,8,5,4,2,0
28,4,2,1,1,1,3196,0,3,6,6,5,3,0
21,3,3,1,4,0,3117,0,0,3,2,2,2,0
33,2,2,2,4,0,4682,0,0,9,7,7,1,0
30,3,3,1,3,2,2083,0,1,1,1,0,0,0
38,4,3,1,3,1,3057,1,1,6,1,0,1,0
45,1,3,1,3,1,4477,1,1,7,3,2,2,0
53,1,3,4,4,1,11836,0,1,28,2,0,2,0
34,4,2,2,3,1,5063,0,1,8,8,2,7,0
51,1,2,3,1,0,7484,0,0,23,13,12,8,0
42,4,2,2,4,1,4523,0,3,7,6,5,4,0
45,1,2,4,4,1,16792,0,1,22,20,8,8,0
26,3,3,1,1,0,3102,0,0,7,6,4,4,1
46,2,3,2,2,2,5021,1,1,16,4,2,2,0
41,2,3,5,3,1,19545,0,0,23,22,15,8,1
31,4,4,1,1,1,2956,0,0,2,1,0,0,1
46,4,3,1,1,0,3423,0,0,10,7,6,7,0
42,3,4,2,4,1,5231,1,1,17,5,3,3,0
41,2,3,2,4,0,5993,1,0,8,6,4,5,1
35,2,3,1,1,1,2194,0,1,5,3,2,2,0
19,2,3,1,2,0,1483,0,0,1,1,0,0,0
47,4,3,5,3,1,19658,0,1,27,5,2,0,0
42,3,4,1,3,2,2759,1,0,7,2,2,2,1
57,3,4,3,4,2,9439,1,1,12,5,3,4,0
33,3,3,2,4,2,7725,0,1,15,13,11,7,0
34,4,3,2,3,0,4033,0,0,5,3,2,2,0
49,4,2,5,3,2,19502,1,1,31,31,9,9,0
33,2,4,1,2,1,2028,0,3,14,14,11,13,0
29,4,3,1,4,1,3812,0,0,11,11,8,10,0
36,1,3,2,3,2,4834,0,1,9,1,0,0,1
27,1,2,1,2,1,2863,0,0,1,1,0,0,1
35,4,3,1,4,1,2014,0,0,2,2,2,2,0
43,3,2,4,3,1,17603,0,1,14,14,10,11,0
28,4,3,1,4,1,2070,0,1,5,5,2,4,0
38,3,3,2,3,1,6077,0,0,10,6,3,2,0
31,4,3,2,3,1,6932,0,1,9,9,8,0,0
41,3,2,2,2,2,8938,0,1,14,5,4,4,0
32,1,3,1,1,0,4200,0,0,10,5,4,4,1
38,1,3,2,4,1,5343,0,1,10,10,7,9,0
38,3,3,3,3,0,7861,1,0,10,1,0,0,0
27,4,2,2,4,1,5769,1,0,6,6,2,4,0
41,3,3,1,1,1,2238,0,1,7,5,0,4,0
51,3,3,2,4,1,4936,0,1,18,7,7,7,0
28,3,2,1,3,0,2028,1,0,6,4,2,3,1
34,3,2,1,4,0,2553,0,0,6,5,2,3,0
45,4,3,4,4,1,17650,0,1,26,9,3,1,0
38,3,4,1,3,1,2844,0,1,7,7,6,0,0
39,4,4,3,3,1,8237,0,1,11,7,6,6,0
34,3,2,2,2,1,4490,0,2,14,10,9,8,0
54,2,3,4,3,1,17426,0,1,36,10,8,7,0
34,4,2,2,4,1,8103,1,0,9,4,2,1,0
50,1,3,4,1,2,17924,0,1,31,31,6,7,0
55,3,3,4,4,0,16659,1,0,30,5,4,2,0
44,3,4,5,1,2,19190,0,2,26,25,9,13,0
35,2,2,2,3,1,5916,1,0,8,1,0,1,1
34,4,3,1,1,2,2996,0,2,10,4,3,3,0
33,1,3,3,4,0,13458,1,0,15,15,14,12,0
34,3,2,2,2,2,4505,0,1,12,1,0,0,0
42,3,2,1,2,1,4841,0,1,4,1,0,0,0
39,3,3,2,4,2,4127,0,1,7,2,1,2,0
33,3,3,2,3,2,7104,0,0,6,5,0,2,0
28,3,3,1,4,1,2515,1,0,1,1,1,0,1
35,1,3,1,1,2,2074,1,1,1,1,0,0,1
34,3,3,2,1,1,6500,0,1,6,3,2,2,0
35,2,1,1,3,1,2705,0,1,6,5,4,3,0
23,4,4,1,3,1,2073,0,1,4,2,2,2,0
40,3,3,1,3,2,2345,0,1,8,3,1,2,0
32,3,3,1,2,1,3931,0,1,6,4,3,2,0
47,3,3,2,2,1,4978,0,1,4,1,0,0,0
49,2,2,3,3,0,10965,0,0,26,5,2,0,0
29,1,2,2,2,2,4187,1,1,10,10,0,9,0
45,4,3,3,1,1,13245,1,0,17,0,0,0,0
40,2,3,1,2,1,2387,0,1,7,4,2,3,0
29,1,3,2,1,1,5373,0,1,6,5,3,2,0
39,3,2,4,2,2,17123,1,2,21,19,9,2,0
51,4,2,4,2,0,13142,0,0,29,5,2,3,0
20,1,3,1,1,0,2973,0,0,1,1,0,0,1
40,4,2,3,2,0,9094,1,0,9,5,4,0,1
36,1,4,2,1,1,5562,1,1,9,3,2,2,0
30,3,2,3,3,0,8474,0,0,12,11,8,8,0
39,3,4,3,4,2,9613,0,3,19,18,10,7,0
45,3,3,2,1,2,5006,1,1,9,5,4,3,0
23,3,3,1,2,0,3295,0,0,3,3,2,2,0
34,4,1,1,3,2,2351,0,1,3,2,2,0,1
42,3,3,4,2,1,13525,0,1,23,20,4,8,0
37,4,3,1,1,2,2782,1,2,6,5,3,3,0
35,3,2,1,4,1,2690,0,1,1,1,0,1,0
58,2,3,4,2,2,16291,0,1,37,16,9,14,0
37,1,2,3,3,1,10609,0,0,17,14,1,7,1
49,3,2,4,3,0,13964,1,0,25,7,1,7,0
42,1,2,2,4,0,6781,0,0,14,1,0,0,0
33,3,3,1,4,0,2500,0,0,4,3,1,2,0
52,4,3,1,4,1,4258,0,1,5,4,3,2,0
40,1,3,2,1,1,5473,0,0,9,8,4,1,0
54,3,3,3,2,1,10725,0,1,16,9,7,1,0
36,3,1,1,3,2,2741,0,1,7,7,7,7,0
40,3,3,1,3,1,2001,0,3,20,5,3,2,0
36,2,2,3,3,1,7596,0,2,10,10,9,0,0
24,1,4,2,3,2,4011,0,1,5,4,2,3,0
24,2,3,1,3,1,2774,0,1,6,5,3,2,0
34,2,4,2,3,1,4404,0,0,6,4,3,2,0
32,2,3,1,2,0,2718,0,0,12,7,7,7,0
31,2,3,1,3,1,3477,0,1,6,5,2,3,0
32,3,3,2,4,2,6667,0,1,9,5,1,2,0
25,3,3,2,1,1,4194,1,0,5,5,3,3,0
33,4,3,1,2,1,2756,0,1,8,8,7,6,0
32,4,2,2,4,0,9679,0,0,8,1,0,0,0
45,3,1,2,1,0,5769,1,0,10,10,7,4,0
50,2,3,2,3,2,6728,0,2,12,6,3,1,1
34,3,3,2,3,1,6538,0,1,6,3,2,2,0
54,4,3,2,4,1,6854,0,1,14,7,1,7,0
25,1,3,1,1,1,4031,0,1,6,2,2,2,1
42,4,2,1,1,2,2593,1,1,10,9,6,8,0
29,2,2,1,4,0,3983,0,0,4,3,2,2,0
37,3,4,3,4,1,13744,1,1,16,16,11,8,0
41,1,2,4,2,1,13570,0,1,21,20,7,10,0
23,3,3,1,4,2,2904,0,2,4,4,2,2,0
27,3,3,1,2,0,2478,1,0,4,4,3,2,0
58,1,3,4,3,1,15787,1,0,23,2,2,2,0
35,4,2,3,2,1,10903,0,0,16,13,10,8,0
56,3,4,4,1,1,13212,0,3,36,7,7,7,0
45,4,3,2,4,1,3697,0,2,12,10,9,8,0
26,1,3,1,3,2,2377,0,1,1,1,1,0,1
23,3,4,1,1,1,1601,1,2,1,0,0,0,1
30,4,2,2,4,1,5126,1,2,10,10,8,0,0
45,3,1,3,3,1,9756,0,2,9,5,0,3,0
32,3,2,1,2,1,2332,0,0,5,3,0,2,0
50,2,3,2,3,1,6796,1,1,18,4,3,3,1
42,3,2,2,3,0,6244,0,0,10,5,4,3,0
27,4,3,3,1,2,8793,0,2,9,9,7,7,0
47,1,3,2,4,2,5070,0,3,20,5,0,4,0
49,4,3,2,4,2,6804,1,2,7,7,7,7,0
58,3,2,3,1,1,10008,1,0,31,10,9,9,1
20,4,3,1,1,0,2728,0,0,2,2,2,2,0
49,4,3,2,4,0,4507,0,0,8,5,1,4,0
33,2,3,2,3,1,4539,0,1,10,10,7,1,0
41,3,3,3,3,2,10447,1,1,23,22,14,5,0
21,3,2,1,1,0,1416,0,0,1,1,0,0,1
30,3,2,2,4,1,4152,0,3,11,11,10,8,0
33,3,2,1,1,0,2799,1,0,6,3,2,2,0
40,1,3,4,1,2,16823,0,1,22,19,7,16,0
27,1,4,2,3,0,6500,0,0,9,8,7,7,0
37,1,3,1,3,0,3629,0,0,8,3,2,2,0
32,1,4,1,3,0,2432,1,0,8,4,1,3,1
41,4,2,2,2,0,6032,1,0,8,5,4,2,0
36,4,4,2,1,2,6842,0,1,13,5,4,4,0
40,3,3,4,4,0,16437,1,0,21,21,7,7,0
31,3,3,3,3,1,11031,0,1,13,11,7,8,0
27,1,2,1,4,0,2045,0,0,5,4,2,1,0
41,2,4,3,1,1,8392,0,1,10,10,7,7,0
30,4,3,2,3,1,4736,1,1,4,2,2,2,0
40,2,1,2,4,1,7457,1,3,6,4,3,2,0
18,2,3,1,2,0,1878,1,0,0,0,0,0,1
21,4,2,1,3,0,3230,0,0,3,3,2,0,0
40,1,3,1,4,1,2406,0,2,8,1,0,0,0
34,2,3,2,3,0,6142,0,0,10,5,1,3,0
34,2,3,4,1,2,17007,0,2,16,14,8,9,0
47,2,4,4,2,2,15972,0,3,29,3,2,2,0
35,3,2,1,2,2,3743,1,1,5,4,2,2,1
37,1,3,2,4,1,4285,0,0,10,10,8,7,0
35,4,3,2,1,2,5093,0,1,16,1,0,0,0
30,4,3,2,3,1,5301,0,2,4,2,1,2,0
39,4,3,2,3,1,5238,1,0,12,1,0,0,1
19,1,2,1,4,0,2564,0,0,1,1,0,0,1
28,3,3,2,3,0,3660,0,0,10,8,7,7,0
43,4,2,2,4,1,6804,0,1,7,2,2,2,0
36,1,3,2,4,2,5079,0,2,12,7,7,7,0
35,3,3,2,1,1,8966,1,3,15,7,7,7,0
30,3,3,1,4,0,2564,0,0,12,11,7,7,0
44,3,3,1,3,0,2936,1,0,6,6,4,2,1
50,4,3,2,3,0,4728,1,0,5,0,0,0,1
57,2,4,2,3,1,4900,0,1,13,12,9,8,0
42,4,2,2,3,0,4332,0,0,20,20,9,7,0
19,4,3,1,3,0,1675,1,0,0,0,0,0,1
29,2,2,3,1,0,7988,0,0,10,10,9,9,0
47,1,3,4,3,1,17169,0,2,26,20,17,6,0
53,3,3,4,3,2,14852,0,1,22,17,13,2,0
48,4,2,5,2,1,19665,0,0,29,22,10,9,0
46,1,3,3,3,1,10527,0,0,28,2,2,2,0
38,4,3,3,1,1,13582,0,1,15,15,12,11,0
42,3,3,4,3,1,17861,1,0,21,20,8,10,0
36,2,3,2,4,1,6201,1,1,18,18,14,11,0
18,3,3,1,3,0,1420,0,0,0,0,0,0,1
34,3,2,3,1,0,11631,0,0,14,11,10,8,0
21,3,4,1,2,0,2716,0,0,1,1,0,0,1
44,1,1,1,3,0,3708,0,0,9,5,2,4,0
37,4,4,1,4,0,4680,0,0,4,1,0,0,0
29,4,3,2,3,1,4649,0,1,4,4,3,2,0
28,1,3,1,3,0,3485,0,0,5,0,0,0,1
26,3,3,1,1,0,2867,0,0,8,7,7,6,0
22,1,3,1,2,1,2244,0,1,2,2,1,2,0
29,3,3,1,4,2,2514,0,1,11,7,5,7,0
50,2,2,4,3,1,17046,0,1,28,27,10,7,0
51,4,3,1,4,1,2075,0,2,10,4,2,3,0
38,2,1,2,4,1,5811,1,1,15,1,0,0,0
31,1,2,2,4,1,5468,0,2,13,12,7,7,0
35,3,3,3,3,2,10388,1,1,16,16,10,1,0
33,3,4,2,1,1,5376,0,2,10,5,3,3,0
36,2,3,3,1,1,8008,0,2,9,3,2,2,0
50,2,3,5,3,1,19237,1,1,29,8,1,7,0
34,2,4,1,4,0,3280,0,0,10,4,2,3,0
34,4,2,2,1,1,5957,0,1,13,11,9,9,0
38,4,3,2,4,1,4735,0,2,19,13,11,9,0
46,3,3,4,2,1,16606,0,1,23,13,12,1,0
38,1,2,2,3,1,5321,0,1,10,8,3,7,0
32,3,4,2,3,1,5175,0,1,9,5,3,3,0
54,4,3,3,3,2,10502,0,1,33,5,4,4,0
34,4,3,2,2,2,5433,0,1,11,11,8,9,0
23,3,3,1,4,2,2275,1,1,3,3,2,2,1
37,3,1,2,4,2,9525,0,2,6,6,3,3,0
26,1,3,2,3,2,4306,0,2,8,0,0,0,0
33,3,4,2,2,1,5488,1,1,6,6,5,2,0
52,4,3,4,4,1,16555,0,0,31,5,2,4,0
34,3,4,2,4,2,4724,0,1,9,9,7,2,0
35,3,3,3,2,1,7295,0,2,10,10,8,6,0
35,4,3,2,4,2,4968,0,1,5,5,2,2,0
48,3,3,2,3,2,6439,0,1,18,8,7,7,0
29,2,1,1,4,2,2720,0,1,10,10,7,8,0
31,4,3,1,3,0,4084,0,0,7,7,2,7,1
34,2,2,1,4,1,3622,1,1,6,6,5,3,0
32,1,3,1,3,1,3433,0,1,10,5,2,3,0
46,4,4,4,1,0,17567,0,0,27,26,0,12,0
36,3,2,2,2,1,5507,0,2,12,4,2,3,0
49,3,3,5,1,0,18665,1,0,22,3,2,2,0
20,4,2,1,2,0,2836,0,0,1,1,0,0,0
36,4,3,2,2,2,5131,0,3,18,4,2,2,0
45,4,3,2,1,1,3633,1,1,9,9,8,8,0
40,2,4,2,3,2,6377,0,3,15,12,11,8,0
25,3,2,2,1,1,4256,0,0,5,5,2,3,0
30,3,3,2,1,2,3072,0,2,12,12,9,10,0
37,4,2,2,4,2,6694,1,3,8,1,0,0,0
52,4,3,4,4,1,17099,0,1,26,9,8,8,0
40,1,3,5,3,2,19436,0,1,22,21,7,9,0
43,1,2,2,3,0,4081,1,0,20,20,7,8,0
31,3,4,1,4,1,2791,0,1,3,2,2,2,0
35,4,2,1,4,1,2376,0,1,2,2,2,2,0
20,3,3,1,3,0,2783,0,0,2,2,2,2,0
29,3,3,3,4,0,7553,1,0,9,8,7,7,1
26,3,4,1,1,0,3578,0,0,8,7,7,7,0
41,4,2,4,1,2,17181,0,1,21,7,6,7,0
38,4,3,1,2,1,2991,1,1,7,6,2,2,0
36,4,3,1,4,1,3210,0,1,16,15,13,11,0
23,4,3,1,1,1,1790,0,1,1,1,0,0,1
18,2,3,1,3,0,1514,0,0,0,0,0,0,0
32,3,3,3,4,0,11159,0,0,10,7,7,7,0
36,3,4,1,1,0,2743,0,0,18,17,13,14,1
47,4,3,2,4,0,4163,1,0,9,9,0,7,0
42,4,2,5,4,0,19613,0,0,24,1,0,1,0
43,1,3,2,2,2,4765,0,1,4,1,0,0,0
32,2,3,2,2,1,6524,0,1,10,10,8,3,0
58,4,3,4,3,0,13872,0,0,38,37,10,8,0
51,1,3,4,3,1,16307,0,1,29,20,6,17,0
32,3,3,3,4,0,11244,0,0,10,5,2,0,0
27,4,4,2,4,2,4647,1,2,6,6,5,4,0
21,3,3,1,3,0,3447,0,0,3,3,2,2,0
35,1,1,2,4,2,5440,1,2,7,2,2,2,1
32,4,3,2,3,0,4998,1,0,10,8,7,7,0
41,1,3,5,3,2,19419,0,1,21,18,16,11,0
18,3,3,1,3,0,1904,0,0,0,0,0,0,1
57,4,3,2,3,1,6755,0,0,15,3,2,2,0
47,1,3,1,4,1,3420,0,1,17,6,5,2,0
47,4,3,5,3,1,18300,0,1,21,3,2,1,0
34,2,3,1,4,2,2661,0,1,3,2,2,2,0
40,2,3,4,3,0,13237,0,0,22,20,6,13,0
47,3,3,4,4,1,16752,1,1,26,26,14,0,0
43,3,3,1,4,0,2455,0,0,9,8,7,7,0
55,3,4,5,2,1,19636,1,1,35,10,9,4,0
27,4,3,1,4,0,2580,0,0,6,4,2,2,0
30,4,3,1,1,0,2657,1,0,8,5,2,4,1
33,4,3,2,2,1,4302,0,1,4,3,2,2,0
38,3,3,1,3,1,2684,0,1,3,2,1,2,0
41,3,3,1,1,2,2289,0,2,5,5,3,4,0
21,3,3,1,1,0,2380,1,0,2,2,2,2,0
50,4,4,1,3,1,3221,1,3,20,20,8,8,0
30,3,3,3,1,1,8412,0,0,10,9,8,8,0
29,2,1,1,1,1,2119,1,0,7,7,7,7,1
31,1,3,4,2,0,16422,0,0,9,3,2,0,0
34,4,4,2,4,0,5337,0,0,10,10,7,7,0
31,1,3,2,4,1,5617,1,0,10,10,7,8,1
37,3,2,2,4,2,5163,0,1,17,1,0,0,0
60,3,1,3,4,2,10883,0,1,19,1,0,0,0
38,2,4,2,4,0,7625,0,0,10,9,7,8,0
33,4,3,2,2,2,3055,0,2,11,9,8,7,0
27,3,4,1,4,1,2534,0,1,5,1,0,0,0
46,4,2,2,1,2,4615,1,3,19,16,13,7,0
31,1,2,1,2,0,1261,0,0,1,1,0,0,1
34,3,3,1,3,2,2579,1,2,8,8,2,6,0
31,3,2,1,1,0,2321,1,0,4,3,2,2,1
29,2,3,1,1,0,4723,1,0,10,10,9,5,0
26,2,1,2,1,0,4969,0,0,7,2,2,2,1
32,4,2,2,2,1,5878,0,1,12,7,1,5,0
43,2,3,1,4,0,3539,0,0,10,9,7,8,0
36,2,2,2,2,0,6499,0,0,6,6,5,3,0
27,2,3,1,2,1,2226,0,1,6,5,3,2,0
29,3,3,1,2,1,2703,0,1,6,5,4,4,0
36,3,3,2,4,0,4502,0,0,17,13,7,7,0
37,2,3,2,2,1,6447,0,1,8,6,5,3,0
36,3,2,2,1,1,5647,0,2,11,3,2,2,0
38,1,4,2,1,0,5980,1,0,17,15,7,12,0
28,4,3,2,3,0,9854,1,0,6,2,0,2,1
36,3,3,2,4,1,6586,1,1,17,16,8,11,0
31,4,3,1,4,1,2356,1,1,8,6,4,2,0
37,1,2,2,3,2,5993,0,1,7,7,5,7,0
25,4,4,2,3,2,5206,0,2,7,7,7,7,0
36,4,3,2,4,0,6653,0,0,7,1,0,0,0
28,3,3,1,3,0,2144,0,0,5,5,3,4,0
36,2,3,2,2,1,5674,0,1,11,9,8,8,0
42,2,3,1,3,1,2093,0,1,8,2,2,0,0
38,2,3,2,1,2,6893,0,1,11,7,7,7,0
48,4,3,3,4,0,7898,0,0,11,10,9,8,0
35,2,2,1,3,0,2859,0,0,6,6,4,4,0
40,4,2,3,2,2,13757,0,1,16,9,8,8,0
49,1,2,5,3,1,18711,0,1,23,1,0,0,0
35,4,4,1,3,0,2506,0,0,7,2,2,2,0
31,4,4,1,2,0,2109,0,0,8,3,2,2,0
32,4,2,2,3,1,5484,0,1,13,13,8,8,0
46,3,2,3,1,1,10673,1,1,21,10,9,5,0
32,4,1,3,3,1,9610,0,1,10,4,3,2,0
45,2,3,1,2,0,2177,0,0,6,6,3,4,0
26,3,3,2,3,1,5296,0,1,8,8,7,7,0
24,3,4,1,3,1,4401,0,1,5,5,3,4,0
37,4,2,2,3,2,6334,0,2,9,1,0,0,0
46,4,3,3,1,2,9396,0,1,17,4,2,3,0
37,4,3,1,4,0,2115,0,0,17,17,12,7,0
37,4,3,2,2,0,4107,0,0,8,4,3,1,0
31,3,4,3,2,0,7446,0,0,10,10,8,7,1
36,4,2,1,3,1,3388,1,1,2,1,0,0,1
37,2,3,3,4,0,7491,0,0,12,6,5,2,0
39,4,3,2,4,2,3902,0,3,7,2,2,2,0
27,3,3,1,1,2,3041,0,1,5,4,3,2,1
39,2,3,2,1,1,5377,0,3,10,7,7,7,0
36,1,2,3,1,0,7587,0,0,10,10,7,9,0
41,2,4,2,2,0,6870,0,0,11,3,2,2,0
44,1,3,1,1,1,2362,0,0,10,3,2,2,1
37,3,3,1,3,1,2996,1,0,8,6,4,3,0
28,4,3,1,4,0,3310,0,0,5,5,3,2,0
37,3,3,1,1,2,2073,1,0,7,3,2,2,1
25,3,3,2,4,0,4950,0,0,5,4,3,1,0
32,4,3,1,1,0,2956,0,0,1,1,0,0,0
24,1,2,1,4,1,3162,0,0,6,5,2,4,0
35,2,4,3,2,2,11996,0,1,10,7,7,2,0
51,3,3,1,4,1,2723,0,0,1,1,0,0,0
35,3,2,3,2,2,10274,0,1,15,7,7,4,0
48,2,3,2,4,1,4051,0,1,14,9,7,7,0
56,3,3,4,4,1,11103,0,0,30,10,7,1,0
31,4,3,2,4,2,5915,0,1,10,7,7,7,0
36,1,2,3,4,1,9699,0,1,16,13,9,12,0
27,4,3,1,2,2,2024,0,1,6,2,2,2,0
55,3,3,2,4,0,5160,0,0,12,9,7,3,1
41,2,1,1,4,2,2778,1,1,10,7,7,0,1
30,1,2,2,4,1,4627,0,1,10,9,2,7,0
28,4,3,3,2,2,7655,0,3,10,9,7,7,0
59,3,2,2,4,0,5171,0,0,13,6,1,5,0
24,2,4,1,4,1,2725,1,2,6,6,5,4,0
29,4,3,2,4,2,6931,0,1,10,3,2,2,0
43,2,3,4,1,1,17159,0,1,22,4,1,0,0
34,4,3,1,3,2,3815,1,1,5,5,3,0,0
52,1,2,5,3,0,19068,1,0,33,33,7,12,0
52,4,3,2,1,2,5577,1,2,18,10,9,9,0
38,2,3,1,4,2,4771,0,2,10,5,2,3,0
41,1,3,2,2,0,9355,0,0,8,8,7,7,1
38,3,3,1,4,0,2288,0,0,2,2,2,1,0
32,2,4,1,2,1,2794,0,0,5,5,1,3,0
45,4,2,4,2,0,16704,0,0,21,21,6,6,0
25,4,2,1,4,1,2889,0,2,2,2,2,1,0
55,4,2,4,2,2,13577,1,1,34,33,9,0,0
27,4,3,1,4,0,2379,1,0,6,5,4,2,0
24,4,3,2,3,2,4260,1,1,5,5,2,3,0
30,2,3,3,1,1,11916,1,2,9,9,1,8,0
38,4,2,3,3,0,9526,0,0,10,9,7,8,0
24,4,3,1,4,1,2400,0,2,3,2,2,1,0
36,1,3,2,3,1,5347,0,2,10,3,2,2,0
34,1,1,2,3,0,6074,1,0,9,9,7,6,1
22,4,3,1,2,0,2472,1,0,1,1,0,0,1
32,4,3,2,4,1,9204,0,1,7,4,3,3,0
40,2,3,2,2,2,5605,0,1,20,20,7,13,0
45,1,2,2,1,1,4385,0,1,10,10,7,5,0
52,2,3,3,2,0,8446,1,0,10,8,7,7,1
33,4,2,3,4,2,7119,0,1,9,3,2,2,0
28,1,2,1,2,1,3201,0,0,6,5,3,4,0
45,4,3,2,3,0,4850,0,0,8,5,3,1,0
38,4,2,1,2,0,2440,0,0,4,4,3,3,0
32,4,3,2,4,0,4648,0,0,4,0,0,0,0
30,3,2,2,4,0,6877,1,0,12,0,0,0,0
56,4,3,1,3,1,2339,0,1,14,10,9,8,1
30,2,4,3,1,1,11416,1,3,9,8,7,7,0
43,1,2,4,2,2,14336,0,1,25,25,10,9,0
38,1,2,2,1,2,6288,0,1,13,4,3,2,0
53,1,3,3,1,0,10448,1,0,15,2,2,2,1
34,4,2,3,3,1,7083,1,0,10,10,9,6,0
37,1,1,2,2,1,4777,0,0,15,1,0,0,1
35,4,3,1,2,2,2022,1,1,10,10,2,8,1
35,4,3,1,3,1,2660,1,1,5,2,2,2,0
38,3,3,2,3,1,9824,0,1,18,1,0,0,0
50,2,2,5,3,2,18740,1,1,29,27,3,8,0
36,4,3,1,2,0,2088,0,0,13,8,7,2,0
26,3,1,1,4,0,2340,1,0,1,1,0,0,1
35,2,3,1,4,2,3917,0,1,3,3,2,2,0
33,2,2,2,4,0,6949,0,0,6,5,0,4,0
36,2,3,1,4,0,2153,0,0,8,8,1,7,0
27,4,3,2,3,0,9981,0,0,7,7,7,7,0
40,3,3,1,1,1,3377,0,1,7,4,3,2,0
24,1,3,1,2,0,3202,1,0,6,5,3,4,1
54,4,3,4,4,0,17328,0,0,29,20,7,7,0
29,2,2,1,3,2,2800,1,3,5,3,2,2,1
30,2,2,1,2,1,2141,0,1,6,6,4,1,0
52,3,2,4,4,1,13826,0,0,31,9,8,0,0
29,2,3,3,4,1,7639,0,3,10,10,4,9,1
46,3,3,5,4,2,19328,1,1,24,2,1,2,0
41,4,3,1,4,1,2782,0,1,12,5,3,0,0
33,1,1,1,4,2,3408,0,3,8,4,3,3,1
45,4,2,3,4,0,8865,0,0,23,19,7,8,0
37,2,3,2,3,1,4449,1,2,15,13,11,7,0
34,3,3,3,4,1,9713,1,3,9,5,3,0,0
43,3,1,5,4,1,19740,0,1,25,8,7,7,0
33,4,3,1,3,0,2851,1,0,1,1,0,0,1
32,3,3,2,4,1,4465,0,0,4,3,2,2,0
44,2,3,2,2,1,2042,0,1,17,3,2,2,0
38,1,2,3,2,1,12061,0,1,19,10,8,1,0
28,3,3,1,4,1,2044,0,1,5,5,3,3,0
55,3,2,4,1,0,16756,0,0,31,9,7,2,0
20,3,2,1,3,0,2044,0,0,2,2,2,2,1
34,3,3,1,4,1,3737,0,1,4,3,2,2,0
28,1,3,1,3,2,2207,0,1,4,4,2,2,0
31,4,1,1,4,2,1129,1,3,1,1,0,0,0
28,4,3,2,1,0,8463,0,0,6,5,4,3,0
29,2,3,2,3,1,4335,0,1,11,8,7,1,0
32,4,1,3,4,1,10400,0,0,14,14,8,8,1
30,4,2,2,3,2,6118,0,3,10,10,9,2,0
40,3,3,2,1,1,8396,0,1,8,7,7,5,0
53,1,2,4,4,1,15427,0,0,31,25,8,7,0
43,4,3,2,3,2,5679,1,1,10,8,7,7,0
24,4,3,2,3,1,4162,1,2,5,5,4,3,0
51,2,2,1,3,0,2838,0,0,8,7,0,7,0
49,3,2,2,1,1,4789,0,1,10,3,2,2,0
28,3,2,1,3,2,2703,1,1,3,3,1,2,0
37,1,3,3,2,2,8834,0,1,9,9,5,7,0
25,3,2,1,2,1,2413,1,3,1,1,0,0,1
22,3,3,1,4,1,2323,0,2,2,2,2,2,0
19,1,2,1,2,0,1859,1,0,1,1,1,0,1
43,2,2,4,4,2,16627,1,1,21,1,0,0,0
48,3,2,3,3,0,10999,0,0,27,15,11,8,0
29,4,2,3,1,1,7336,0,1,11,11,8,10,1
39,3,3,2,2,0,6782,0,0,9,5,4,3,0
27,4,2,1,1,1,4774,0,1,8,7,6,3,0
32,4,3,1,1,0,2439,0,0,4,4,2,2,0
37,2,2,2,2,1,4189,0,2,5,5,2,3,0
45,2,3,2,2,2,2348,0,1,20,17,9,15,0
56,1,3,1,4,0,2587,0,0,5,4,2,0,1
44,4,3,1,3,2,3161,1,1,19,1,0,0,1
52,4,3,2,3,1,3149,0,1,9,5,2,4,0
26,1,1,1,3,0,2293,0,0,1,1,0,1,1
18,2,3,1,4,0,1051,0,0,0,0,0,0,0
34,2,3,1,2,2,2008,0,2,1,1,0,0,0
35,4,2,2,4,1,5363,0,1,10,9,7,0,0
49,3,3,2,1,1,6567,0,0,16,15,11,11,0
50,3,3,5,3,1,19331,1,1,27,1,0,0,0
24,4,3,1,2,1,2033,0,1,1,1,0,0,0
25,4,3,1,4,1,3691,1,1,7,7,7,6,1
48,3,3,2,1,2,5486,0,3,15,2,2,2,0
58,2,2,1,2,1,3346,1,1,9,1,0,0,0
50,1,3,1,4,1,2380,0,0,8,1,0,0,0
37,1,3,3,3,2,10048,0,2,17,1,0,0,1
37,4,2,1,3,0,2090,1,0,7,0,0,0,1
27,4,1,2,4,0,5071,0,0,8,6,2,0,0
50,1,3,5,2,1,18200,0,1,32,32,5,7,0
25,2,2,2,4,0,4487,1,0,5,5,4,3,0
40,1,3,3,4,1,10322,0,1,14,11,10,1,0
31,2,4,2,4,1,6929,0,1,10,8,7,7,0
26,1,3,1,4,1,2061,0,0,1,1,0,0,0
28,2,1,2,1,2,4877,0,1,6,5,3,0,0
49,4,2,2,2,1,5390,0,0,17,9,6,8,0
39,1,3,2,4,0,4108,0,0,18,7,7,7,0
21,1,3,1,4,0,2610,0,0,3,3,2,2,0
44,2,3,5,4,2,19049,1,1,23,22,7,10,0
39,3,2,2,3,2,3069,0,1,11,10,8,7,0
40,2,3,3,3,0,13499,0,0,20,18,7,13,0
44,1,3,2,3,1,4768,0,1,11,1,0,0,0
38,2,3,2,1,1,6673,1,0,17,1,0,0,1
32,4,3,1,4,0,3068,0,0,8,7,7,6,0
54,4,3,4,4,1,17779,0,0,36,10,9,9,0
25,4,3,1,4,1,3669,0,3,7,3,2,2,0
44,1,4,1,4,1,2818,1,1,10,3,2,2,0
37,2,3,1,2,1,3936,0,1,8,8,4,7,0
53,3,3,5,3,2,19094,0,1,26,14,13,8,0
24,2,3,1,4,1,2293,1,1,6,2,0,0,1
42,2,3,1,4,0,2515,1,0,8,2,1,2,0
31,4,3,2,3,1,6179,1,2,10,10,2,7,1
32,2,3,3,4,0,8998,0,0,9,9,8,7,0
35,4,2,2,2,1,4788,1,0,4,3,2,2,0
37,3,3,1,1,1,3452,0,1,17,5,4,3,0
59,3,2,4,4,0,13726,1,0,30,5,3,3,0
56,4,2,2,1,1,5380,0,1,6,0,0,0,0
28,2,2,1,4,2,4936,0,1,6,5,1,4,0
47,2,3,1,3,0,2105,0,0,7,2,2,0,0
43,1,1,2,3,0,5346,0,0,7,4,3,3,1
26,1,2,1,1,1,3955,0,2,6,5,3,3,0
56,2,3,1,2,1,4963,1,3,7,5,4,3,1
48,4,3,4,4,2,17174,0,1,24,22,17,7,0
55,1,2,1,2,2,3537,0,1,8,4,2,2,0
38,1,3,1,2,2,2592,0,3,13,11,10,8,0
47,3,3,2,3,1,4591,1,1,11,5,4,2,0
29,2,3,2,4,0,4554,0,0,10,10,7,9,0
36,1,3,1,2,0,2013,0,0,15,4,3,3,0
49,1,3,4,2,1,16413,0,2,27,4,2,2,0
41,4,3,2,4,0,6230,0,0,16,14,3,10,0
27,2,2,2,3,1,3540,0,1,9,9,8,8,0
45,2,1,2,3,0,6632,0,0,9,8,7,1,0
39,4,3,2,4,1,6472,1,1,9,9,8,8,0
39,2,3,5,3,2,19197,1,1,21,21,8,6,0
34,2,3,2,3,1,5429,0,2,10,8,7,7,0
42,4,3,3,4,1,10124,1,1,24,20,8,9,0
31,1,3,3,4,2,10793,0,1,13,13,7,9,0
29,2,3,1,3,2,3339,1,2,10,7,7,7,1
27,4,3,2,4,0,4105,0,0,7,7,7,7,0
44,3,3,1,2,2,2342,1,3,6,5,3,3,1
36,2,3,1,4,0,4678,0,0,8,6,2,1,0
56,4,1,3,4,0,7260,0,0,37,6,4,2,0
53,2,4,3,4,1,7005,0,0,11,4,3,2,0
28,2,2,3,1,0,8722,0,0,10,10,7,9,1
28,3,2,2,1,1,4724,0,1,5,5,3,4,0
40,2,3,2,1,2,4448,0,1,15,7,4,7,0
34,2,2,1,4,1,2929,0,0,10,10,9,7,0
27,4,3,1,4,1,1706,0,3,0,0,0,0,0
41,3,3,2,1,2,4103,0,1,10,9,3,7,0
49,3,3,3,2,2,10466,0,2,29,8,7,7,0
30,2,2,1,4,0,2720,0,0,6,5,3,2,0
35,3,3,3,3,0,8789,0,0,10,10,7,8,0
27,4,3,1,3,0,2394,1,0,8,8,2,7,1
29,3,2,1,4,0,2389,1,0,4,4,3,1,1
50,4,3,4,1,1,16880,1,0,25,3,2,2,0
35,3,3,3,2,0,8095,0,0,17,16,6,13,0
29,3,4,1,3,1,2451,0,2,5,1,0,0,0
30,2,3,1,2,0,2422,0,0,4,3,2,2,1
29,2,2,2,4,1,5056,1,1,10,10,7,2,0
31,4,3,3,3,2,9852,1,1,10,10,8,6,0
38,4,3,2,2,1,4440,0,2,16,15,13,8,0
34,1,3,2,3,0,4809,0,0,16,16,13,10,0
35,3,3,2,4,1,5204,1,0,10,10,8,9,0
52,2,3,3,2,0,10445,0,0,18,8,6,0,0
36,4,3,2,2,1,6962,1,1,15,1,0,0,0
28,2,3,2,4,0,5253,0,0,7,7,5,7,0
37,1,3,3,3,0,13664,0,0,16,5,2,2,0
31,1,3,1,3,1,3067,0,1,3,2,2,2,0
42,2,3,2,1,0,5155,0,0,9,6,4,5,0
27,2,3,2,2,1,6214,0,1,8,8,7,7,0
37,3,2,2,4,2,5731,0,2,9,6,2,3,0
19,3,3,1,1,0,2552,0,0,1,1,1,0,0
25,1,3,1,4,1,3229,0,1,7,3,2,2,0
34,4,3,2,4,0,6274,0,0,6,6,5,4,0
36,3,3,2,2,0,5410,1,0,18,16,14,12,0
26,4,2,2,1,0,5326,0,0,6,4,3,2,1
42,2,3,1,1,2,2576,0,1,8,5,2,2,0
26,4,4,2,4,1,5472,0,0,8,8,7,3,0
26,1,2,1,3,2,2007,0,2,5,5,3,3,0
34,2,3,1,3,1,2308,1,1,12,11,10,7,0
30,3,3,1,3,2,2064,0,1,6,5,3,3,0
40,3,2,1,3,0,2809,0,0,8,2,2,2,0
32,3,4,2,4,1,6209,0,2,10,10,7,8,0
37,4,3,1,1,2,3034,0,1,18,18,7,17,0
24,1,3,1,3,1,2886,1,1,6,6,3,2,1
40,2,2,2,2,2,6852,0,1,7,5,1,3,0
45,2,1,3,1,2,10851,1,1,24,7,7,7,0
44,2,4,2,1,1,5033,0,1,10,2,0,2,0
37,1,3,3,2,0,7642,1,0,10,10,0,9,0
50,1,2,1,3,1,2683,1,0,3,3,2,2,1
30,4,3,1,2,1,3579,1,1,12,11,9,7,0
51,3,3,2,4,0,5441,1,0,11,10,7,0,0
40,3,3,2,4,0,4661,0,0,9,9,8,8,0
34,3,2,1,1,0,4381,0,0,6,6,5,3,0
30,3,3,1,2,1,2476,0,1,1,1,0,0,0
28,3,3,1,4,2,2706,0,1,3,3,2,2,0
50,4,3,4,3,1,13973,1,1,22,12,11,5,0
29,4,1,2,3,2,6384,0,2,11,7,0,6,0
32,1,3,2,4,1,5309,0,2,10,10,8,7,0
44,1,3,3,4,1,7978,0,1,10,10,7,5,1
42,4,3,1,3,0,3968,0,0,8,0,0,0,0
35,4,2,1,3,1,2258,0,1,10,8,0,7,0
22,1,3,1,3,1,2773,0,0,3,2,2,2,0
38,3,3,1,3,1,2821,0,1,8,2,2,2,0
28,1,2,1,3,2,1563,0,1,1,1,0,0,0
34,2,3,1,1,0,2960,0,0,8,4,2,3,1
38,4,3,2,3,1,6553,0,0,14,1,0,0,0
32,1,3,2,4,1,6322,1,1,6,6,4,5,0
33,4,3,1,4,0,2686,1,0,10,10,9,8,1
31,1,2,2,1,1,6410,0,0,9,2,2,0,0
40,1,2,3,3,1,10435,0,2,18,18,15,12,0
54,3,3,2,3,0,3780,0,0,19,1,0,0,0
36,3,3,2,2,0,4485,0,0,10,8,0,7,0
24,3,2,1,2,2,2694,0,3,1,1,0,0,0
33,1,2,1,2,1,3838,0,0,8,5,4,2,0
36,3,1,3,1,2,10252,1,1,17,7,7,7,0
30,2,2,1,1,1,2033,0,1,1,1,0,0,1
29,4,2,1,1,2,2109,0,1,1,1,0,0,0
47,2,3,2,3,0,2976,0,0,5,0,0,0,0
28,3,1,2,4,1,6674,0,3,10,9,8,5,0
29,2,3,2,3,1,5561,0,1,6,6,0,2,0
50,4,3,1,2,1,3875,0,1,4,2,2,2,0
34,4,3,2,3,2,4001,1,1,15,15,14,7,0
27,3,3,3,1,1,7412,0,0,9,9,7,7,0
27,3,3,2,2,1,6349,1,1,6,5,4,4,0
34,1,4,2,4,0,5304,1,0,9,5,2,4,1
42,1,3,3,1,1,13191,1,0,20,1,0,0,0
53,3,2,3,2,1,7525,0,1,30,15,7,12,0
34,1,3,3,4,0,9888,0,0,14,14,8,1,0
26,3,2,1,2,1,2368,0,0,5,5,4,3,0
29,4,2,1,2,1,2804,0,0,1,1,0,0,0
35,2,2,1,3,1,2430,0,2,6,5,3,2,0
31,2,1,1,3,0,1359,0,0,1,1,0,0,1
35,4,3,3,1,0,9582,1,0,9,8,7,7,1
31,1,4,2,4,2,5460,0,2,13,7,7,7,0
38,4,3,2,4,0,2406,0,0,10,10,3,9,0
47,4,3,4,3,2,13770,1,2,28,22,2,13,0
40,4,3,2,1,1,4639,0,1,5,5,4,2,0
41,2,2,5,4,2,19141,0,3,23,21,6,6,0
30,1,3,1,3,0,2632,0,0,5,5,4,4,0
34,4,2,1,3,2,2768,0,1,14,7,3,7,0
26,3,2,2,4,1,4157,1,1,5,2,2,0,0
46,3,1,4,2,1,16872,1,1,28,7,7,7,0
22,4,2,2,4,1,4775,0,2,4,2,2,2,0
29,1,2,1,1,2,2335,1,3,4,2,2,0,1
48,4,2,4,1,1,15402,0,1,21,3,2,2,0
33,3,3,1,4,0,2496,0,0,7,1,1,0,0
45,2,3,3,4,1,9380,1,2,10,3,1,2,0
46,3,2,3,4,0,9619,0,0,9,9,8,7,1
25,1,3,2,3,2,4907,1,1,6,5,3,4,0
45,1,3,3,2,2,7441,0,3,10,10,8,7,0
33,3,3,2,2,1,6146,0,1,8,7,7,7,0
35,3,3,3,2,1,8020,0,2,12,11,9,9,0
59,3,2,5,4,1,18844,0,1,30,3,2,2,0
24,4,2,1,2,1,2127,0,1,1,1,0,0,0
33,3,2,1,2,1,2622,0,0,7,3,2,1,0
32,3,3,2,1,1,6725,0,1,8,8,7,3,0
27,2,4,1,3,1,3517,0,0,5,3,2,2,0
33,3,3,1,4,1,2436,1,1,8,5,4,4,1
20,4,2,1,1,0,2600,1,0,1,1,0,0,1
35,4,3,2,3,1,6883,0,1,17,7,7,7,0
56,4,3,5,2,0,19717,0,0,36,7,3,7,0
49,4,3,1,1,2,2587,1,1,17,2,2,2,0
37,1,3,1,4,2,2793,0,1,13,9,8,8,0
41,2,4,1,3,1,3376,0,0,10,10,6,8,0
36,3,3,2,2,1,5228,0,1,10,9,7,5,0
35,3,2,1,1,0,2559,0,0,6,6,5,1,0
